{
    "javascript": 0.7224999999999999,
    "html": 0.6568181818181817,
    "python": 0.5557692307692308,
    "c#": 0.5557692307692308,
    "java": 0.5557692307692308,
    "C": 0.5351851851851852,
    "mvc": 0.5160714285714285,
    "php": 0.49827586206896546,
    "linux": 0.49827586206896546,
    "backend": 0.48166666666666663,
    "android": 0.48166666666666663,
    "t-sql": 0.4515625,
    "ios": 0.43787878787878787,
    "go": 0.425,
    "ruby": 0.41285714285714287,
    "fortran": 0.3524390243902439,
    "asp.net": 0.33604651162790694,
    "asp.net core": 0.33604651162790694,
    "hyper-v": 0.0,
    "sap": 0.0,
    "e-ticaret": 0.0
}