{
    "javascript": 0.39868159132945835,
    "html": 0.37375493706451424,
    "python": 0.3380908478085519,
    "C": 0.30873619834943467,
    "java": 0.2826195957411615,
    "c#": 0.2809610368784737,
    "php": 0.2682993240443855,
    "linux": 0.24486198419085795,
    "android": 0.2310847450703959,
    "backend": 0.21624414156732455,
    "mvc": 0.18571913372385304,
    "ios": 0.15965691976527313,
    "go": 0.11830376750555381,
    "t-sql": 0.10742317266960577,
    "ruby": 0.0958874502888785,
    "fortran": 0.06872143035800143,
    "asp.net": 0.026322434482643948,
    "asp.net core": 0.026322434482643948,
    "hyper-v": 9.730434160642157e-14,
    "sap": 9.730434160642157e-14,
    "e-ticaret": 9.730434160642157e-14
}