{
    "javascript": 0.3781850150387988,
    "html": 0.3526141405807102,
    "python": 0.31933985584858343,
    "C": 0.2957679148917361,
    "java": 0.27522439668402926,
    "c#": 0.2744535774526807,
    "php": 0.26025521950009983,
    "linux": 0.24490943976012922,
    "android": 0.23122601900249684,
    "backend": 0.221460617376285,
    "mvc": 0.20952869751422393,
    "ios": 0.17530714593285796,
    "go": 0.14348074729545765,
    "t-sql": 0.1377989300133693,
    "ruby": 0.12466211927129286,
    "fortran": 0.1056499455249335,
    "asp.net": 0.08059454413646121,
    "asp.net core": 0.08059454413646121,
    "hyper-v": 0.051582226124547194,
    "sap": 0.051582226124547194,
    "e-ticaret": 0.051582226124547194
}