{
    "javascript": 0.22126449517603006,
    "html": 0.17334200452515164,
    "ruby": 0.13048147075712835,
    "linux": 0.056500503940668315,
    "C": 0.05251104438402206,
    "mvc": 0.041295966684787015,
    "c#": 0.039973415613164164,
    "php": 0.036183206702254334,
    "python": 0.035767558595459485,
    "java": 0.03464822704968259,
    "android": 0.026346553163998324,
    "asp.net": 0.024690257694450032,
    "backend": 0.023463344222215472,
    "asp.net core": 0.02096389203566841,
    "fortran": 0.017721856688228607,
    "ios": 0.014402354074287818,
    "go": 0.013104087067453762,
    "t-sql": 0.0129495177229104,
    "hyper-v": 0.008130081300813009,
    "sap": 0.008130081300813009,
    "e-ticaret": 0.008130081300813009
}